SV_chrom	SV_start	SV_end	SV_length	Kids.First.Biospecimen.ID.Tumor	SV_type	Gene_name	ALT	sample_id
17	6129205	74663636	68534431	BS_46TXYD8H	INV	TP53	<INV>	7316-4552
17	947391	10566553	-9618688	BS_96S0VQBN	DEL	TP53	<DEL>	7316-3303
17	947414	13052544	-12105128	BS_96S0VQBN	DEL	TP53	<DEL>	7316-3303
17	1060418	14491387	-13430390	BS_96S0VQBN	DEL	TP53	<DEL>	7316-3303
17	1080925	10341301	-9259924	BS_96S0VQBN	DEL	TP53	<DEL>	7316-3303
17	1439410	8507248	-7067838	BS_96S0VQBN	DEL	TP53	<DEL>	7316-3303
17	1662648	9357607	-7694958	BS_96S0VQBN	DEL	TP53	<DEL>	7316-3303
17	3134837	8239794	-5104956	BS_96S0VQBN	DEL	TP53	<DEL>	7316-3303
17	552698	7984792	7432094	BS_96S0VQBN	INV	TP53	<INV>	7316-3303
17	1161263	13117290	11956027	BS_96S0VQBN	INV	TP53	<INV>	7316-3303
17	1263812	8229300	6965488	BS_96S0VQBN	INV	TP53	<INV>	7316-3303
17	5415500	8234275	2818775	BS_96S0VQBN	INV	TP53	<INV>	7316-3303
17	5490144	7985119	2494975	BS_96S0VQBN	INV	TP53	<INV>	7316-3303
17	1413971	15951129	-14537158	BS_3NX3RBCX	DEL	TP53	<DEL>	7316-114
17	1770124	8375245	-6604616	BS_3NX3RBCX	DEL	TP53	<DEL>	7316-114
17	3515318	12201159	-8685435	BS_3NX3RBCX	DEL	TP53	<DEL>	7316-114
17	3877977	8352665	-4474688	BS_3NX3RBCX	DEL	TP53	<DEL>	7316-114
17	4366684	13780887	-9414203	BS_3NX3RBCX	DEL	TP53	<DEL>	7316-114
17	4369526	18463646	-14094100	BS_3NX3RBCX	DEL	TP53	<DEL>	7316-114
17	5186537	18111107	-12924569	BS_3NX3RBCX	DEL	TP53	<DEL>	7316-114
17	7266849	17550916	-10284066	BS_3NX3RBCX	DEL	TP53	<DEL>	7316-114
17	7541112	18325202	-10784090	BS_3NX3RBCX	DEL	TP53	<DEL>	7316-114
17	1618695	16689488	15070793	BS_3NX3RBCX	INV	TP53	<INV>	7316-114
17	1753796	17527009	15772588	BS_3NX3RBCX	INV	TP53	<INV>	7316-114
17	1770295	8374983	6604688	BS_3NX3RBCX	INV	TP53	<INV>	7316-114
17	1969611	7785167	5815556	BS_3NX3RBCX	INV	TP53	<INV>	7316-114
17	2041683	17129657	15087974	BS_3NX3RBCX	INV	TP53	<INV>	7316-114
17	2185674	11018801	8833127	BS_3NX3RBCX	INV	TP53	<INV>	7316-114
17	3925149	7959450	4034301	BS_3NX3RBCX	INV	TP53	<INV>	7316-114
17	5032606	17546789	12514183	BS_3NX3RBCX	INV	TP53	<INV>	7316-114
17	5064455	16012385	10947930	BS_3NX3RBCX	INV	TP53	<INV>	7316-114
17	5186254	15349536	10162787	BS_3NX3RBCX	INV	TP53	<INV>	7316-114
17	6038519	18194383	12155864	BS_3NX3RBCX	INV	TP53	<INV>	7316-114
17	6683878	12200940	5517062	BS_3NX3RBCX	INV	TP53	<INV>	7316-114
17	6765239	15318180	8552941	BS_3NX3RBCX	INV	TP53	<INV>	7316-114
17	6796599	18326588	11529989	BS_3NX3RBCX	INV	TP53	<INV>	7316-114
17	6902444	16075411	9172967	BS_3NX3RBCX	INV	TP53	<INV>	7316-114
17	7379255	16689143	9309888	BS_3NX3RBCX	INV	TP53	<INV>	7316-114
17	7539664	18972644	11432980	BS_3NX3RBCX	INV	TP53	<INV>	7316-114
17	7564265	17548857	9984592	BS_3NX3RBCX	INV	TP53	<INV>	7316-114
